Year,Movie,Song,GEM!,Singer(s),Music Director(s),Lyrics
1949,Rimjhim,Jagmag jagmag karta nikla,,Kishore,Khemchand Prakash,Bharat Vyas
1954,Naukri,Chhota sa ghar hoga,,"Kishore, Usha Mangeshkar",Salil Chowdhury,Shailendra
1955,Baap Re Baap,Piya piya piya mora jiya pukaare,,"Kishore, Asha",O P Nayyar,Jan Nisar Akhtar
1955,Munimji,Jeevan ke safar mein rahi,Picture,Kishore,S D Burman,Sahir Ludhianvi
1956,Funtoosh,Ae meri topi palat ke aa,,Kishore,S D Burman,Sahir Ludhianvi
1956,Funtoosh,Dukhi man mere,,Kishore,S D Burman,Sahir Ludhianvi
1956,Mem Sahib,Dil dil se mila kar dekho,,Kishore,Madan Mohan,Rajendra Krishan
1956,Naya Andaz,Meri neendon mein tum,,"Kishore, Shamshad Begum",O P Nayyar,Jan Nisar Akhtar
1956,New Delhi,Nakhrewaali nakhrewaali,Picture,Kishore,Shankar Jaikishen,Shailendra
1957,Aasha,Eena meena deeka,,Kishore,C Ramchandra,Rajendra Krishan
1957,Nau Do Gyarah,Aankhon mein kya ji,,"Kishore, Asha",S D Burman,Majrooh Sultanpuri
1957,Nau Do Gyarah,Hum hain raahi pyaar ke,Picture,Kishore,S D Burman,Majrooh Sultanpuri
1957,Paying Guest,Chhod do aanchal,,"Kishore, Asha",S D Burman,Majrooh Sultanpuri
1957,Paying Guest,Haaye haaye haaye yeh nigaahen,,"Kishore, Asha",S D Burman,Majrooh Sultanpuri
1957,Paying Guest,Maana janaab ne pukaara nahin,Picture,Kishore,S D Burman,Majrooh Sultanpuri
1957,Paying Guest,O nigaahen mastaana,,"Kishore, Asha",S D Burman,Majrooh Sultanpuri
1958,Chalti Ka Naam Gaadi,Baabu samjho ishaare,,"Kishore, Ashok Kumar, Manna Dey",S D Burman,Majrooh Sultanpuri
1958,Chalti Ka Naam Gaadi,Ek ladki bheegi bhaagi si,Picture,Kishore,S D Burman,Majrooh Sultanpuri
1958,Chalti Ka Naam Gaadi,Haal kaisa hai janaab ka,,"Kishore, Asha",S D Burman,Majrooh Sultanpuri
1958,Chalti Ka Naam Gaadi,Hum the woh thi,,"Kishore, Anoop Kumar",S D Burman,Majrooh Sultanpuri
1958,Chalti Ka Naam Gaadi,Main sitaaron ka taraana,,"Kishore, Asha",S D Burman,Majrooh Sultanpuri
1958,Dilli Ka Thug,Hum to mohabbat karega,,Kishore,Ravi,Majrooh Sultanpuri
1958,Dilli Ka Thug,Yeh raaten yeh mausam,Picture,"Kishore, Asha",Ravi,Majrooh Sultanpuri
1959,Shararat,Hum matwaale naujawaan,Picture,Kishore,Shankar Jaikishen,Hasrat Jaipuri
1960,Girl Friend,Kashti ka khaamosh safar hai,,"Kishore, Sudha Malhotra",Hemant Kumar,Sahir Ludhianvi
1961,Jhumroo,Bhola bhaala man mera,,"Kishore, Asha",Kishore Kumar,Majrooh Sultanpuri
1961,Jhumroo,Koi humdum na raha,Picture,Kishore,Kishore Kumar,Majrooh Sultanpuri
1961,Jhumroo,Main hoon jhum jhum jhum jhum jhumroo,,Kishore,Kishore Kumar,Majrooh Sultanpuri
1961,Jhumroo,Matwaale hum matwaale tum,,Kishore,Kishore Kumar,Majrooh Sultanpuri
1961,Jhumroo,Thhandi hawa yeh chaandni suhaani,Picture,Kishore,Kishore Kumar,Majrooh Sultanpuri
1962,Bombay Ka Chor,Hasrat hi rahi hum se bhi kabhi,,Kishore,Ravi,Rajendra Krishan
1962,Manmauji,Zaroorat hai zaroorat hai,,Kishore,Madan Mohan,Rajendra Krishan
1962,Rangoli,Chhoti si yeh duniya (M),,Kishore,Shankar Jaikishen,Shailendra
1962,Rangoli,Rangoli sajaao re,,Kishore,Shankar Jaikishen,Hasrat Jaipuri
1963,Ek Raaz,Agar sun le to ek nagma,,Kishore,Chitragupt,Majrooh Sultanpuri
1963,Ek Raaz,Payal waali dekhna,,Kishore,Chitragupt,Majrooh Sultanpuri
1964,Door Gagan Ki Chhaon Mein,Aa chal ke tujhe,Picture,Kishore,Kishore Kumar,Kishore Kumar
1964,Door Gagan Ki Chhaon Mein,Jin raaton ki bhor nahin hai,,Kishore,Kishore Kumar,Shailendra
1964,Door Gagan Ki Chhaon Mein,Khushi do ghadi ki,,Kishore,Kishore Kumar,Shailendra
1964,Door Gagan Ki Chhaon Mein,Koi lauta de mere,Picture,Kishore,Kishore Kumar,Shailendra
1964,Ganga Ki Lahren,Chhedo na meri zulfen,Picture,"Kishore, Lata",Chitragupt,Majrooh Sultanpuri
1964,Ganga Ki Lahren,Machalti hui hawa mein,Picture,"Kishore, Lata",Chitragupt,Majrooh Sultanpuri
1964,Mr. X in Bombay,khoobsoorat haseena,,"Kishore, Lata",Laxmikant Pyarelal,Anand Bakshi
1964,Mr. X in Bombay,Mere mehboob qayaamat hogi,Picture,Kishore,Laxmikant Pyarelal,Anand Bakshi
1964,Mr. X in Bombay,Mere mehboob qayaamat hogi (Part 2),,Kishore,Laxmikant Pyarelal,Anand Bakshi
1965,Bhoot Bangla,Jaago sone waalon,,Kishore,R D Burman,Hasrat Jaipuri
1965,Guide,Gaata rahe mera dil,Picture,"Kishore, Lata",S D Burman,Shailendra
1965,Hum Sab Ustad Hain,Ajnabee tum jaane pehchaane se (M),Picture,Kishore,Laxmikant Pyarelal,Asad Bhopali
1965,Hum Sab Ustad Hain,Pyaar baant-te chalo,,Kishore,Laxmikant Pyarelal,Asad Bhopali
1965,Sheeman Funtoosh,Sultaana sultaana tu na ghabraana,,"Kishore, Lata",Laxmikant Pyarelal,Anand Bakshi
1965,Shreeman Funtoosh,Yeh dard bhara afsaana,,Kishore,Laxmikant Pyarelal,Anand Bakshi
1965,Teen Deviyan,Are yaar meri tum bhi ho gazab,,"Kishore, Asha",S D Burman,Majrooh Sultanpuri
1965,Teen Deviyan,Khwaab ho tum ya koi haqeeqat,Picture,Kishore,S D Burman,Majrooh Sultanpuri
1965,Teen Deviyan,Likha hai teri aankhon mein,Picture,"Kishore, Lata",S D Burman,Majrooh Sultanpuri
1965,Teen Deviyan,Uff kitni thandi ha yeh rut,,"Kishore, Lata",S D Burman,Majrooh Sultanpuri
1966,Pyar Kiye Jaa,Din jawaani ke chaar yaar,,Kishore,Laxmikant Pyarelal,Rajendra Krishan
1967,Jewel Thief,Aasmaan ke neeche,,"Kishore, Lata",S D Burman,Majrooh Sultanpuri
1967,Jewel Thief,Yeh dil na hota bechaara,Picture,Kishore,S D Burman,Majrooh Sultanpuri
1968,Abhilasha,Pyaar hua hai jabse,,"Kishore, Lata",R D Burman,Majrooh Sultanpuri
1968,Do Dooni Char,Hawaaon pe likh do,,Kishore,Hemant Kumar,Gulzar
1968,Duniya,Dooriyaan nazdeekiyaan ban gayeen,Picture,"Kishore, Asha",Shankar Jaikishen,Hasrat Jaipuri
1968,Padosan,Ek chatur naar kar ke singaar,,"Kishore, Manna Dey, Mehmood",R D Burman,Rajendra Krishan
1968,Padosan,Kehna hai kehna hai,Picture,Kishore,R D Burman,Rajendra Krishan
1968,Padosan,Mere saamne waali khidki mein,,Kishore,R D Burman,Rajendra Krishan
1969,Aradhana,Kora kaagaz tha yeh man mera,Picture,"Kishore, Lata",S D Burman,Anand Bakshi
1969,Aradhana,Mere sapnon ki raani,Picture,Kishore,S D Burman,Anand Bakshi
1969,Aradhana,Roop tera mastaana,Picture,Kishore,S D Burman,Anand Bakshi
1969,Do Raaste,Khiza ke phool pe aati,,Kishore,Laxmikant Pyarelal,Anand Bakshi
1969,Khamoshi,Woh shaam kuchh ajeeb thi,Picture,Kishore,Hemant Kumar,Gulzar
1969,Mahal,Aankhon aankhon mein hum tum,Picture,"Kishore, Asha",Kalyanji Anandji,Anand Bakshi
1969,Mahal,Tu kya jaane din raat,,Kishore,Kalyanji Anandji,Anand Bakshi
1969,Mahal,Yeh duniya waale poochenge,,"Kishore, Asha",Kalyanji Anandji,Anand Bakshi
1969,Pavitra Papi,Teri duniya se hoke majboor,,Kishore,Prem Dhawan,Prem Dhawan
1969,Pyar Ka Mausam,Tum bin jaaoon kahaan (Kishore),Picture,Kishore,R D Burman,Majrooh Sultanpuri
1970,Aan Milo Sajna,Achchha to hum chalte hain,,"Kishore, Lata",Laxmikant Pyarelal,Anand Bakshi
1970,Aan Milo Sajna,Yahaan wahaan saare,Picture,Kishore,Laxmikant Pyarelal,Anand Bakshi
1970,Aansoo Aur Muskan,Guni jano re bhakt jano,,Kishore,Kalyanji Anandji,Qamar Jalalabadi
1970,Abhinetri,Sa re ga ma pa pa pa,,"Kishore, Lata",Laxmikant Pyarelal,Majrooh Sultanpuri
1970,Darpan,Duniya jalti hai jalne de,,"Kishore, Asha",Laxmikant Pyarelal,Anand Bakshi
1970,Deedar,Jee bhar ke dekh loon main tumhe,,Kishore,Usha Khanna,Verma Malik
1970,Ghar Ghar Ki Kahani,Sama hai suhaana suhaana,Picture,Kishore,Kalyanji Anandji,Anand Bakshi
1970,Holi Ayee Re,O haseeno tumne sadiyon,,Kishore,Kalyanji Anandji,Indeevar
1970,Johny Mera Naam,Nafrat karne waalon ke,,Kishore,Kalyanji Anandji,Indeevar
1970,Johny Mera Naam,O mere raaja,,"Kishore, Lata",Kalyanji Anandji,Indeevar
1970,Johny Mera Naam,Pal bhar ke liye koi hume pyaar kar le,Picture,Kishore,Kalyanji Anandji,Indeevar
1970,Kati Patang,Pyaar deewaana hota hai,,Kishore,R D Burman,Anand Bakshi
1970,Kati Patang,Yeh jo mohabbat hai,Picture,Kishore,R D Burman,Anand Bakshi
1970,Kati Patang,Yeh shaam mastaani,Picture,Kishore,R D Burman,Anand Bakshi
1970,Mastana,Jab jab hum tumko dekhe hain,,"Kishore, Lata",Laxmikant Pyarelal,Anand Bakshi
1970,Mastana,Soyee ja taara,,"Kishore, Hemlata",Laxmikant Pyarelal,Anand Bakshi
1970,Prem Pujari,Phoolon ke rang se dil ki kalam se,Picture,Kishore,S D Burman,Neeraj
1970,Prem Pujari,Shokhiyon mein ghola jaaye,Picture,"Kishore, Lata",S D Burman,Neeraj
1970,Prem Pujari,Yaaron neelaam karo susti,,"Kishore, Bhupinder",S D Burman,Neeraj
1970,Rootha Na Karo,Ae meri shola badan (Roothha na karo),,Kishore,C Ramchandra,Hasrat Jaipuri
1970,Rootha Na Karo,Tum bhi khoobsoorat ho,,Kishore,C Ramchandra,Hasrat Jaipuri
1970,Sachaa Jhutha,Dil ko dekho chehra na dekho,,Kishore,Kalyanji Anandji,Indeevar
1970,Sachaa Jhutha,Meri pyaari behaniya,,Kishore,Kalyanji Anandji,Indeevar
1970,Sachaa Jhutha,O kehdo kehdo haan tum jo kehdo,,"Kishore, Lata",Kalyanji Anandji,Qamar Jalalabadi
1970,Safar,Jeevan se bhari teri aankhen,Picture,Kishore,Kalyanji Anandji,Indeevar
1970,Safar,Zindagi ka safar,Picture,Kishore,Kalyanji Anandji,Indeevar
1970,Umang,Hum log hain aise deewaane,,Kishore,Shankar Jaikishen,Hasrat Jaipuri
1970,Umang,Sachcha pyaar to jhuk nahin sakta,,"Kishore, Asha",Shankar Jaikishen,Hasrat Jaipuri
1971,Aap Aaye Bahaar Aayi,Tum ko bhi to aisa hi kuchh,,"Kishore, Lata",Laxmikant Pyarelal,Anand Bakshi
1971,Adhikar,Koi maane ya na maane,,"Kishore, Asha",R D Burman,Ramesh Pant
1971,Albela,Ae mere dil mat kar kisi pe aitbaar,,Kishore,Shankar Jaikishen,Hasrat Jaipuri
1971,Andaz,Zindagi ek safar hai suhaana (M),Picture,Kishore,Shankar Jaikishen,Hasrat Jaipuri
1971,Banphool,Main jahaan chala jaaoon,,Kishore,Laxmikant Pyarelal,Anand Bakshi
1971,Buddha Mil Gaya,Bhali bhali si ek soorat,,"Kishore, Asha",R D Burman,Majrooh Sultanpuri
1971,Buddha Mil Gaya,Raat kali ek khwab mein aayi,,Kishore,R D Burman,Majrooh Sultanpuri
1971,Caravan,Hum to hain rahi dil ke,,Kishore,R D Burman,Majrooh Sultanpuri
1971,Chhoti Bahu,Hey re Kanhaiya kisko kahega,,Kishore,Kalyanji Anandji,Indeevar
1971,Door Ka Rahi,Beqaraar dil tu gaaye jaa,Picture,"Kishore, Sulakshana Pandit",Kishore Kumar,A Irshad
1971,Door Ka Rahi,Jeevan se na haar jeene waale,,Kishore,Kishore Kumar,A Irshad
1971,Door Ka Rahi,Khushi do ghadi ki mile na mile,,Kishore,Kishore Kumar,A Irshad
1971,Door Ka Rahi,Panthi hoon main us path ka,,Kishore,Kishore Kumar,A Irshad
1971,Dushmun,Maine dekha toone dekha,,"Kishore, Lata",Laxmikant Pyarelal,Anand Bakshi
1971,Dushmun,Sachchaai chhup nahin sakti,Picture,Kishore,Laxmikant Pyarelal,Anand Bakshi
1971,Gambler,Apne honton ki bansi,,"Kishore, Lata",S D Burman,Neeraj
1971,Gambler,Choodi nahin yeh mera dil hai,,"Kishore, Lata",S D Burman,Neeraj
1971,Gambler,Dil aaj shayar hai,,Kishore,S D Burman,Neeraj
1971,Haar Jeet,Dil bechain raha tum bin,,"Kishore, Asha",Laxmikant Pyarelal,Anand Bakshi
1971,Haathi Mere Saathi,Chal chal chal mere saathi,,Kishore,Laxmikant Pyarelal,Anand Bakshi
1971,Haathi Mere Saathi,Dilbar jaani chali hawa mastaani,,"Kishore, Lata",Laxmikant Pyarelal,Anand Bakshi
1971,Haathi Mere Saathi,Duniya mein rehna hai to,,Kishore,Laxmikant Pyarelal,Anand Bakshi
1971,Haathi Mere Saathi,Kaise chalti hai gaadi,,"Kishore, Lata",Laxmikant Pyarelal,Anand Bakshi
1971,Haathi Mere Saathi,Sun ja aa thhandi hawa,,"Kishore, Lata",Laxmikant Pyarelal,Anand Bakshi
1971,Hare Rama Hare Krishna,Dekho O deewaanon,,Kishore,R D Burman,Anand Bakshi
1971,Hare Rama Hare Krishna,Kaanchi re kaanchi re,,"Kishore, Lata",R D Burman,Anand Bakshi
1971,Hare Rama Hare Krishna,Phoolon ka taaron ka (M),,Kishore,R D Burman,Anand Bakshi
1971,Jane Anjane,Jaane anjaane log mile,,Kishore,Shankar Jaikishen,Hasrat Jaipuri
1971,Kal Aaj Aur Kal,Aap yahaan aaye kisliye,,"Kishore, Asha",Shankar Jaikishen,Hasrat Jaipuri
1971,Kal Aaj Aur Kal,Bhanwre ki goonjan,,Kishore,Shankar Jaikishen,Hasrat Jaipuri
1971,Kal Aaj Aur Kal,Tick tick tick tick (Kal aaj aur kal),,"Kishore, Asha, Mukesh",Shankar Jaikishen,Neeraj
1971,Lakhon Mein Ek,Chanda O chanda (M),,Kishore,R D Burman,Anand Bakshi
1971,Lakhon Mein Ek,Jogi O jogi are pyaar mein kya hoga,,"Kishore, Lata",R D Burman,Anand Bakshi
1971,Lal Patthar,Geet gaata hoon main,,Kishore,Shankar Jaikishen,Dev Kohli
1971,Main Sundar Hoon,Mujhko thhand lag rahi hai,,"Kishore, Asha",Shankar Jaikishen,Anand Bakshi
1971,Main Sundar Hoon,Naach meri jaan fataafaat,,"Kishore, Asha",Shankar Jaikishen,Anand Bakshi
1971,Man Mandir,Jaadugar tere naina,,"Kishore, Lata",Laxmikant Pyarelal,Rajendra Krishan
1971,Maryada,Chupke se dil de de,,"Kishore, Lata",Kalyanji Anandji,Anand Bakshi
1971,Maryada,Gussa itna haseen hai to,,Kishore,Kalyanji Anandji,Anand Bakshi
1971,Mehboob Ki Mehndi,Mere deewaanepan ki bhi dava nahin,,Kishore,Laxmikant Pyarelal,Anand Bakshi
1971,Mere Apne,Koi hota jisko apna,,Kishore,Salil Chowdhury,Gulzar
1971,Naya Zamana,Duniya O duniya,,Kishore,S D Burman,Anand Bakshi
1971,Paraya Dhan,Aaj unse pehli mulaqaat hogi,,Kishore,R D Burman,Anand Bakshi
1971,Paraya Dhan,Aao jhoome gaayein,,"Kishore, Asha",R D Burman,Anand Bakshi
1971,Paraya Dhan,Dil haaye mera dil,,Kishore,R D Burman,Anand Bakshi
1971,Paraya Dhan,Tu pyaar tu preet,,"Kishore, Lata",R D Burman,Anand Bakshi
1971,Parwana,Simti si sharmaayi si,,Kishore,Madan Mohan,Kaifi Azmi
1971,Parwana,Yoon na sharma faila de,,"Kishore, Rafi",Madan Mohan,Kaifi Azmi
1971,Pyar Ki Kahani,Ek khabar aayi suno,,"Kishore, Lata",R D Burman,Anand Bakshi
1971,Pyar Ki Kahani,Gori O gori chori O chori,,Kishore,R D Burman,Anand Bakshi
1971,Seema,Waqt thoda sa abhi kuchh,,"Kishore, Asha",Shankar Jaikishen,Indeevar
1971,Sharmilee,Aaj madhosh hua jaaye re,,"Kishore, Lata",S D Burman,Neeraj
1971,Sharmilee,Kaise kahen hum,,Kishore,S D Burman,Neeraj
1971,Sharmilee,Khilte hain gul yahaan (M),Picture,Kishore,S D Burman,Neeraj
1971,Sharmilee,O meri sharmeelee,,Kishore,S D Burman,Neeraj
1971,Tere Mere Sapne,Hey maine kasam li,,"Kishore, Lata",S D Burman,Neeraj
1971,Tere Mere Sapne,Jeevan ki bagiya mehkegi,Picture,"Kishore, Lata",S D Burman,Neeraj
1972,Aankhon Aankhon Mein,Teri umar naadaan hai,,Kishore,Shankar Jaikishen,Verma Malik
1972,Aankhon Ankhon Mein,Aankhon aankhon mein baat hone do,,"Kishore, Asha",Shankar Jaikishen,Verma Malik
1972,Aankhon Ankhon Mein,Do baaten pyaar bhari karloon,,"Kishore, Asha",Shankar Jaikishen,Hasrat Jaipuri
1972,Amar Prem,Chingaari koi bhadke,Picture,Kishore,R D Burman,Anand Bakshi
1972,Amar Prem,Kuchh to log kahenge,Picture,Kishore,R D Burman,Anand Bakshi
1972,Amar Prem,Yeh kya hua kaise hua,Picture,Kishore,R D Burman,Anand Bakshi
1972,Annadata,Guzar jaaye din,,Kishore,Salil Chowdhury,Yogesh
1972,Annadata,O meri praan sajni Champaawati,,"Kishore, Sabita Chowdhury",Salil Chowdhury,Yogesh
1972,Apna Desh,Kajra laga ke gajra saja ke,,"Kishore, Lata",R D Burman,Anand Bakshi
1972,Apna Desh,Rona kabhi nahin rona,,Kishore,R D Burman,Anand Bakshi
1972,Apna Desh,Sun champa sun taara,,"Kishore, Lata",R D Burman,Anand Bakshi
1972,Apradh,Hamaare siva tumhaare aur kitne,,"Kishore, Lata",Kalyanji Anandji,Indeevar
1972,Apradh,Tum ho haseen wafa tumko,,"Kishore, Lata",Kalyanji Anandji,Indeevar
1972,Apradh,Tum mile pyaar se,,"Kishore, Lata",Kalyanji Anandji,Indeevar
1972,Babul Ki Galiyan,Ek cheez maangte hain,,"Kishore, Asha",Ravi,Rajendra Krishan
1972,Bandagi,Phoolon ki taazgi ho tum,,"Kishore, Asha",Shankar Jaikishen,Rajendra Krishan
1972,Bawarchi,Bhor aayi gaya andhiyaara,,"Manna Dey, Kishore Kumar et al.",Madan Mohan,Kaifi Azmi
1972,Bhai Ho To Aisa,Bol meri gudiya,,"Kishore, Lata",Sonik Omi,Sahir Ludhianvi
1972,Bombay to Goa,Dekha na haaye re,,Kishore,R D Burman,Rajendra Krishan
1972,Bombay to Goa,Dil tera hain main bhi teri hoon,,"Kishore, Lata",R D Burman,Rajendra Krishan
1972,Bombay To Goa,Tum meri zindagi mein,,"Kishore, Lata",R D Burman,Rajendra Krishan
1972,Buniyaad,Pukaaro muhje phir pukaaro,,"Kishore, Lata",Laxmikant Pyarelal,Anand Bakshi
1972,Dhadkan,Main to chala jidhar chale rasta,,Kishore,Ravi,Prem Dhawan
1972,Dil Daulat Duniya,Saath mein pyaara saathi hai,,Kishore,Shankar Jaikishen,Shailendra
1972,Do Chor,Chaahe raho door,,"Kishore, Lata",R D Burman,Majrooh Sultanpuri
1972,Do Chor,Kaali palak teri gori,,"Kishore, Lata",R D Burman,Majrooh Sultanpuri
1972,Do Chor,Meri jaan meri jaan kehna maano,,Kishore,R D Burman,Majrooh Sultanpuri
1972,Double Cross,Hum dono ki yaari kya kehna,,"Kishore, Bhupinder",R D Burman,Majrooh Sultanpuri
1972,Ek Baar Muskura Do,Ek baar muskura do,,"Kishore, Asha",O P Nayyar,Shewan Rizvi
1972,Ek Baar Muskura Do,Kitne atal the tere iraade,,Kishore,O P Nayyar,Indeevar
1972,Ek Baar Muskura Do,Roop tera aisa darpan mein,,Kishore,O P Nayyar,S H Bihari
1972,Ek Baar Muskura Do,Savere ka sooraj,,Kishore,O P Nayyar,Indeevar
1972,Ek Nazar,Pyaar ko chaahiye kya ek nazar,,Kishore,Laxmikant Pyarelal,Majrooh Sultanpuri
1972,Gomti Ke Kinare,Aao aao jaane-e-jahaan,,"Kishore, Asha",R D Burman,Majrooh Sultanpuri
1972,Gomti Ke Kinare,Jeene ka din mar jaane ka mausam,,"Kishore, Lata",R D Burman,Majrooh Sultanpuri
1972,Jangal Mein Mangal,Tum kitni khoobsurat ho,,Kishore,Shankar Jaikishen,Hasrat Jaipuri
1972,Janwar Aur Insan,Jaane mujhe kya hua re,,"Kishore, Lata",Kalyanji Anandji,Gulshan Bawra
1972,Janwar Aur Insan,Mujhe aisi mili haseena,,Kishore,Kalyanji Anandji,Indeevar
1972,Jawani Diwani,Agar saaz chheda,,"Kishore, Asha",R D Burman,Anand Bakshi
1972,Jawani Diwani,Jaane jaan dhhoondta phir raha,Picture,"Kishore, Asha",R D Burman,Anand Bakshi
1972,Jawani Diwani,Nahin nahin abhi nahin,,"Kishore, Asha",R D Burman,Anand Bakshi
1972,Jawani Diwani,Saamne yeh kaun aaya,,Kishore,R D Burman,Anand Bakshi
1972,Jawani Diwani,Yeh jawaani hai deewaani,,Kishore,R D Burman,Anand Bakshi
1972,Joru Ka Ghulam,Aayiye aap ko main apne banglay ki,,Kishore,Kalyanji Anandji,Anand Bakshi
1972,Joru Ka Ghulam,Baras gayi re taras gayi re,,Kishore,Kalyanji Anandji,Anand Bakshi
1972,Joru Ka Ghulam,Mera chain khoya hua hai,,"Kishore, Asha",Kalyanji Anandji,Anand Bakshi
1972,Joru Ka Ghulam,Nainon mein nindiya hai,,"Kishore, Lata",Kalyanji Anandji,Anand Bakshi
1972,Maan Jaiye,Yeh wohi geet hai,,Kishore,Jaidev,Naqsh Lyalpuri
1972,Mere Jeevan Saathi,Apnon ko kab hey shaam,,Kishore,R D Burman,Majrooh Sultanpuri
1972,Mere Jeevan Saathi,Chala jaata hoon kisiki dhun mein,,Kishore,R D Burman,Majrooh Sultanpuri
1972,Mere Jeevan Saathi,Deewaana karke chhodoge,,"Kishore, Lata",R D Burman,Majrooh Sultanpuri
1972,Mere Jeevan Saathi,Deewaana leke aaya hai,Picture,Kishore,R D Burman,Majrooh Sultanpuri
1972,Mere Jeevan Saathi,Kitne sapne kitne armaan,,Kishore,R D Burman,Majrooh Sultanpuri
1972,Mere Jeevan Saathi,O mere dil ke chain,,Kishore,R D Burman,Majrooh Sultanpuri
1972,Nagina,Tere mere pyaar ka andaaz hai niraala,,"Kishore, Asha",Shankar Jaikishen,Hasrat Jaipuri
1972,Parichay,Musaafir hoon yaaron,,Kishore,R D Burman,Gulzar
1972,Parichay,Sa re ke sa re ga ma ko lekar,,"Kishore, Lata",R D Burman,Gulzar
1972,Piya Ka Ghar,Bambai sheher ki tujhko chal sair,,Kishore,Laxmikant Pyarelal,Anand Bakshi
1972,Piya Ka Ghar,Yeh jeevan hai,,Kishore,Laxmikant Pyarelal,Anand Bakshi
1972,Raja Jani,Jaani O jaani,,Kishore,Laxmikant Pyarelal,Anand Bakshi
1972,Rakhi Aur Hathkadi,Achchhi nahin sanam dillagi,,"Kishore, Asha",R D Burman,Gulzar
1972,Rampur Ka Lakshman,Gum hai kisike pyaar mein,Picture,"Kishore, Lata",R D Burman,Majrooh Sultanpuri
1972,Rampur Ka Lakshman,Kaahe apnon ke kaam nahin aaye,,"Kishore, Asha",R D Burman,Majrooh Sultanpuri
1972,Rampur Ka Lakshman,Pyaar ka samay kam hai jahaan,,"Kishore, Lata, Rafi",R D Burman,Majrooh Sultanpuri
1972,Rampur Ka Lakshman,Raampur ka vaasi hoon main,,Kishore,R D Burman,Majrooh Sultanpuri
1972,Roop Tera Mastana,Dil ki baaten dil hi jaane,,"Kishore, Lata",Laxmikant Pyarelal,Asad Bhopali
1972,Samadhi,Jaan-e-jaana jaao kal phir aana,,Kishore,R D Burman,Majrooh Sultanpuri
1972,Samadhi,Maine dekha ek sapna,,"Kishore, Lata",R D Burman,Majrooh Sultanpuri
1972,Seeta Aur Geeta,Hawa ke saath saath,,"Kishore, Asha",R D Burman,Anand Bakshi
1972,Seeta Aur Geeta,Koi ladki mujhe kal raat,,"Kishore, Lata",R D Burman,Anand Bakshi
1972,Shehzada,Na jaiyo chhod ke na jaiyo,,"Kishore, Lata",R D Burman,Rajendra Krishan
1972,Shehzada,Thhokar mein hai meri,,Kishore,R D Burman,Rajendra Krishan
1972,Victoria No. 203,Dekha maine dekha,,Kishore,Kalyanji Anandji,Indeevar
1972,Victoria No. 203,Do bechaare bina sahaare,,"Kishore, Mahendra Kapoor",Kalyanji Anandji,Verma Malik
1972,Victoria No. 203,Tu na mili to hum jogi ban jaayenge,,Kishore,Kalyanji Anandji,Indeevar
1972,Yeh Gulistan Hamara,Gori gori gaaon ki gori re,,"Kishore, Lata",S D Burman,Anand Bakshi
1973,Aa Gale Lag Jaa,Ae mere bete sun mera kehna,,"Kishore, Sushma Shrestha",R D Burman,Sahir Ludhianvi
1973,Aa Gale Lag Jaa,Na koi dil mein samaaya,,Kishore,R D Burman,Sahir Ludhianvi
1973,Aa Gale Lag Jaa,Tera mujh se hai pehle ka naata (Duet),,"Kishore, Sushma Shrestha",R D Burman,Sahir Ludhianvi
1973,Aa Gale Lag Jaa,Tera mujh se hai pehle ka naata (M),Picture,Kishore,R D Burman,Sahir Ludhianvi
1973,Aa Gale Lag Jaa,Vaada karo nahin chhodogi,,"Kishore, Lata",R D Burman,Sahir Ludhianvi
1973,Aarop,Nainon mein darpan hai,,"Kishore, Lata",Bhupen Hazarika,Maya Govind
1973,Abhimaan,Meet na mila re man ka,,Kishore,S D Burman,Majrooh Sultanpuri
1973,Abhimaan,Tere mere milan ki yeh raina,,"Kishore, Lata",S D Burman,Majrooh Sultanpuri
1973,Anamika,Meri bheegi bheegi si,,Kishore,R D Burman,Majrooh Sultanpuri
1973,Anhonee,Main to ek paagal,,"Kishore, Asha",Laxmikant Pyarelal,Verma Malik
1973,Anokhi Ada,Haal kya hai dilon ka,,Kishore,Laxmikant Pyarelal,Majrooh Sultanpuri
1973,Anokhi Ada,Sundari aye haaye sundari,,Kishore,Laxmikant Pyarelal,Majrooh Sultanpuri
1973,Bada Kabutar,Haaye re haaye re yeh dil mera,,"Kishore, Asha",R D Burman,Yogesh
1973,Banarasi Babu,Bure bhi hum bhale bhi hum,,Kishore,Kalyanji Anandji,Rajendra Krishan
1973,Bandhe Haath,Kya jaano main hoon kaun,,Kishore,R D Burman,Majrooh Sultanpuri
1973,Blackmail,Mile mile do badan,,"Kishore, Lata",Kalyanji Anandji,Rajendra Krishan
1973,Blackmail,Pal pal dil ke paas,Picture,Kishore,Kalyanji Anandji,Rajendra Krishan
1973,Chalaak,Dil ka nazraana le,,"Kishore, Asha",Ganesh,Hasrat Jaipuri
1973,Chalaak,Duniya faani behta paani,,"Kishore, Asha",Ganesh,Hasrat Jaipuri
1973,Chhupa Rustam,Dheere se jaana khatiyan mein,,Kishore,S D Burman,Neeraj
1973,Daag,Ab chaahe maa roothhe ya baaba,,"Kishore, Lata",Laxmikant Pyarelal,Sahir Ludhianvi
1973,Daag,Hum aur tum tum aur hum,,"Kishore, Lata",Laxmikant Pyarelal,Sahir Ludhianvi
1973,Daag,Mere dil mein aaj kya hai,Picture,Kishore,Laxmikant Pyarelal,Sahir Ludhianvi
1973,Dhamkee,Chand kya hai roop ka darpan,,"Kishore, Asha",Ganesh,Asad Bhopali
1973,Dhamkee,Kali se nazaaron se bahaaron se,,Kishore,Ganesh,Verma Malik
1973,Ek Mutthi Aasman,Har koi chaahta hai ek mutthi aasmaan,,Kishore,Madan Mohan,Indeevar
1973,Ek Mutthi Aasman,Pyaar kabhi kam na karna sanam,,"Kishore, Vani Jayaram",Madan Mohan,Indeevar
1973,Gehri Chaal,Jaipur ki choli mangwa de re saiyaaan,,"Kishore, Asha",Laxmikant Pyarelal,Rajendra Krishan
1973,Heera Panna,Bahut door mujhe chale jaana hai,Picture,"Kishore, Lata",R D Burman,Anand Bakshi
1973,Heera Panna,Ek paheli hai tu,,Kishore,R D Burman,Anand Bakshi
1973,Heera Panna,Main tasveer utaarta hoon,,Kishore,R D Burman,Anand Bakshi
1973,Heera Panna,Panna ki tamanna hai,,"Kishore, Lata",R D Burman,Anand Bakshi
1973,Intezar,Chanda ki kirnon se lipti hawaayen,,Kishore,Chitragupt,Verma Malik
1973,Jaise Ko Taisa,Abke saawan mein jee dare,,"Kishore, Lata",R D Burman,Anand Bakshi
1973,Jheel Ke Us Paar,Kya nazaare kya sitaare,,Kishore,R D Burman,Anand Bakshi
1973,Joshila,Dil mein jo baaten hain,,"Kishore, Asha",R D Burman,Sahir Ludhianvi
1973,Joshila,Kiska rasta dekhe,,Kishore,R D Burman,Sahir Ludhianvi
1973,Joshila,Kuchh bhi kar lo,,"Kishore, Lata",R D Burman,Sahir Ludhianvi
1973,Jugnu,Gir gaya jhumka girne do,,"Kishore, Lata",S D Burman,Anand Bakshi
1973,Jugnu,Pyaar ke is khel mein,,Kishore,S D Burman,Anand Bakshi
1973,Jwar Bhata,Turu ruru turu ruru tera mera pyar shuru,,Kishore,Laxmikant Pyarelal,Rajendra Krishan
1973,Jwar Bhata,Yeh samjho aur samjhaao,,"Kishore, Lata",Laxmikant Pyarelal,Rajendra Krishan
1973,Kahani Kismat Ki,Duniya mujhse kehti hai,,Kishore,Kalyanji Anandji,Rajendra Krishan
1973,Kahani Kismat Ki,Rafta rafta dekho,,Kishore (+ Rekha),Kalyanji Anandji,Rajendra Krishan
1973,Keemat,Maaf karo O baaba maaf karo,,"Kishore, Lata",Laxmikant Pyarelal,Anand Bakshi
1973,Manchali,Gham ka fasaana,,Kishore (+ Leena Chandawarkar),Laxmikant Pyarelal,Anand Bakshi
1973,Manchali,Mile kaheen do ajnabee,,Kishore,Laxmikant Pyarelal,Anand Bakshi
1973,Manchali,O manchali kahaan chali,,Kishore,Laxmikant Pyarelal,Anand Bakshi
1973,Namak Haram,Diye jalte hain phool khilte hain,,Kishore,R D Burman,Anand Bakshi
1973,Namak Haram,Main shaayar badnaam,Picture,Kishore,R D Burman,Anand Bakshi
1973,Namak Haram,Nadiya se dariya,Picture,Kishore,R D Burman,Anand Bakshi
1973,Naya Nasha,Ek ladki le gayi dil,,Kishore,Sapan Chakravarty,Anand Bakshi
1973,Paanch Dushman,Jaana hai hame to jahaan,,"Kishore, Lata",R D Burman,Majrooh Sultanpuri
1973,Paanch Dushman,Jeena to hai par ae dil kahaan,,Kishore,R D Burman,Majrooh Sultanpuri
1973,Paanch Dushman,Jo bhi hua hai woh pyar mein hua hai,,Kishore,R D Burman,Majrooh Sultanpuri
1973,Phagun,Kab maane dil ke mastaane,,"Kishore, Asha",S D Burman,Majrooh Sultanpuri
1973,Raja Rani,Main ek chor tu meri raani,,"Kishore, Lata",R D Burman,Anand Bakshi
1973,Samjhauta,Samjhauta ghamon se kar lo (M),,Kishore,Kalyanji Anandji,Indeevar
1973,Shareef Badmash,Neend churaake raaton mein,,"Kishore, Asha",R D Burman,Anand Bakshi
1973,Shareef Badmash,Tere sau deewaane,,Kishore,R D Burman,Anand Bakshi
1973,Yaadon Ki Baraat,Aapke kamre mein koi rehta hai,,"Kishore, Asha, R D Burman",R D Burman,Majrooh Sultanpuri
1973,Yaadon Ki Baraat,Le kar hum deewaana dil,Picture,"Kishore, Asha",R D Burman,Majrooh Sultanpuri
1973,Yaadon Ki Baraat,O meri soni,,"Kishore, Asha",R D Burman,Majrooh Sultanpuri
1973,Yaadon Ki Baraat,Yaadon ki baaraat nikli hai (M-Duet),Picture,"Kishore, Rafi",R D Burman,Majrooh Sultanpuri
1974,36 Ghante,Jaane aaj kya hua,,"Kishore, Asha",Sapan Chakravarty,Sahir Ludhianvi
1974,Aap Ki Kasam,Jai jai shiv shankar,,"Kishore, Lata",R D Burman,Anand Bakshi
1974,Aap Ki Kasam,Karvaten badalte rahen,Picture,"Kishore, Lata",R D Burman,Anand Bakshi
1974,Aap Ki Kasam,Paas nahin aana,,"Kishore, Lata",R D Burman,Anand Bakshi
1974,Aap Ki Kasam,Suno kaho kaha suna,,"Kishore, Lata",R D Burman,Anand Bakshi
1974,Aap Ki Kasam,Zindagi ke safar mein,,Kishore,R D Burman,Anand Bakshi
1974,Ajnabee,Bheegi bheegi raaton mein,,"Kishore, Lata",R D Burman,Anand Bakshi
1974,Ajnabee,Ek ajnabee haseena se,,Kishore,R D Burman,Anand Bakshi
1974,Ajnabee,Hum dono do premee,,"Kishore, Lata",R D Burman,Anand Bakshi
1974,Amir Garib,Kahin janaab ko mera to intezaar nahin,,Kishore,Laxmikant Pyarelal,Anand Bakshi
1974,Amir Garib,Main aaya hoon leke saaz haathon mein,,Kishore,Laxmikant Pyarelal,Anand Bakshi
1974,Amir Garib,Mere pyaale mein sharaab daal de,,"Kishore, Manna Dey",Laxmikant Pyarelal,Anand Bakshi
1974,Amir Garib,Moni aur Soni ki hai jodi ajeeb,,Kishore,Laxmikant Pyarelal,Anand Bakshi
1974,Badla,Shor mach gaya shor,,Kishore,Laxmikant Pyarelal,Anand Bakshi
1974,Bidaai,Kabhi khole na tijori ka taala,,Kishore,Laxmikant Pyarelal,Anand Bakshi
1974,Call Girl,Jawaani mere yaara,,"Kishore, Ranu Mukherjee",Sapan Jagmohan,Naqsh Lyalpuri
1974,Call Girl,Ulfat mein zamaane ki (M),,Kishore,Sapan Jagmohan,Naqsh Lyalpuri
1974,Charitraheen,Dil se dil milne ka,,"Kishore, Lata",R D Burman,Anand Bakshi
1974,Chor Machaye Shor,Ghungroo ki tarah,,Kishore,Ravindra Jain,Ravindra Jain
1974,Chor Machaye Shor,Le jaayenge le jaayenge dilwaale,,"Kishore, Asha",Ravindra Jain,Indrajit Singh Tulsi
1974,Dil Diwana,Kisise dosti kar lo,,"Kishore, Asha",R D Burman,Anand Bakshi
1974,Dost,Gaadi bula rahi hai,,Kishore,Laxmikant Pyarelal,Anand Bakshi
1974,Haath Ki Safai,Peene waalon ko peene ka,,"Kishore, Hema Malini",Kalyanji Anandji,Gulshan Bawra
1974,Humshakal,Hum tum gum sum raat milan ki,,"Kishore, Asha",R D Burman,Anand Bakshi
1974,Humshakal,Rasta dekhe tera vyaakul man mera,,Kishore,R D Burman,Anand Bakshi
1974,Imtihaan,Ruk jaana nahin tu kahin haar ke,Picture,Kishore,Laxmikant Pyarelal,Majrooh Sultanpuri
1974,Ishq Ihsq Ishq,Mujhko agar ijaazat ho,,Kishore,R D Burman,Anand Bakshi
1974,Ishq Ishq Ishq,Chal saathi chal,,Kishore,R D Burman,Anand Bakshi
1974,Kasauti,Ho jaata hai pyaar,,"Kishore, Lata",Kalyanji Anandji,Anand Bakshi
1974,Kora Kagaz,Mera jeevan kora kaagaz,Picture,Kishore,Kalyanji Anandji,M G Hashmat
1974,Kunwara Baap,Aa ri aa jaa nindiya,,"Kishore, Lata",Rajesh Roshan,Majrooh Sultanpuri
1974,Majboor,Aadmi jo kehta hai,,Kishore,Laxmikant Pyarelal,Anand Bakshi
1974,Majboor,Dekh sakta hoon main,,Kishore,Laxmikant Pyarelal,Anand Bakshi
1974,Manoranjan,Aaya hoon main tujhko le jaaoonga,,"Kishore, Asha",R D Burman,Anand Bakshi
1974,Manoranjan,Goya ke chunanche,,"Kishore, Lata, Manna Dey",R D Burman,Anand Bakshi
1974,Mr. Romeo,Na soyenge na sone denge,,"Kishore, Lata",R D Burman,Anand Bakshi
1974,Prem Nagar,Ja mujhe na ab yaad aa,,Kishore,S D Burman,Anand Bakshi
1974,Prem Nagar,Kiska mahal hai kiska yeh ghar hai,,"Kishore, Lata",S D Burman,Anand Bakshi
1974,Prem Nagar,Thhandi hawaaon ne gori ka,,"Kishore, Asha",S D Burman,Anand Bakshi
1974,Prem Nagar,Yeh kaisa sur mandir hai,,"Kishore, Lata",S D Burman,Anand Bakshi
1974,Prem Nagar,Yeh laal rang kab mujhe chhodega,,Kishore,S D Burman,Anand Bakshi
1974,Roti,Gore rang pe na itna gumaan kar,,"Kishore, Lata",Laxmikant Pyarelal,Anand Bakshi
1974,Roti,Naach meri bulbul,,Kishore,Laxmikant Pyarelal,Anand Bakshi
1974,Roti,Yaar hamaari baat suno,,Kishore,Laxmikant Pyarelal,Anand Bakshi
1974,Roti,Yeh jo public hai,,Kishore,Laxmikant Pyarelal,Anand Bakshi
1974,Sagina,Saala main to sahab ban gaya,,Kishore (+ Pankaj Mitra),S D Burman,Majrooh Sultanpuri
1974,Sagina,Tumre sang to rain bitaayi,,"Kishore, Lata",S D Burman,Majrooh Sultanpuri
1974,Trimurti,Milegi ek nayi zindagi milegi,,"Kishore, Lata",R D Burman,Gulshan Bawra
1974,Vachan,Dil ka guldasta baahon ka haar,,"Kishore, Sharda",Shankar Jaikishen,Shaily Shailendra
1974,Zehreela Insaan,O hansini meri hansini,Picture,Kishore,R D Burman,Majrooh Sultanpuri
1975,Aakraman,Yeh mausam aaya hai,,"Kishore, Lata",Laxmikant Pyarelal,Anand Bakshi
1975,Aandhi,Is mod se jaate hain,Picture,"Kishore, Lata",R D Burman,Gulzar
1975,Aandhi,Tere bina zindagi se koi,Picture,"Kishore, Lata",R D Burman,Gulzar
1975,Aandhi,Tum aa gaye ho noor aa gaya hai,Picture,"Kishore, Lata",R D Burman,Gulzar
1975,Amanush,Dil aisa kisi ne mera toda,,Kishore,Shyamlal Mitra,Indeevar
1975,Deewaar,Keh doon tumhe ya chup rahoon,,"Kishore, Asha",R D Burman,Sahir Ludhianvi
1975,Deewaar,Maine tujhe manga tujhe paaya hai,,"Kishore, Asha",R D Burman,Sahir Ludhianvi
1975,Dharam Karam,Na ho bas mein tere,,"Mukesh, Kishore, Sushma Shrestha",R D Burman,Majrooh Sultanpuri
1975,Dharam Karam,Tere hamsafar geet hain tere,,"Mukesh, Asha, Kishore",R D Burman,Majrooh Sultanpuri
1975,Dharmatma,Tere chehre mein woh jaadoo hai,,Kishore,Kalyanji Anandji,Indeevar
1975,Ek Mahal Ho Sapno Ka,Dekha hain zindagi ko,,Kishore,Ravi,Sahir Ludhianvi
1975,Ek Mahal Ho Sapno Ka,Dil mein kisi ke pyaar ka (M),,Kishore,Ravi,Sahir Ludhianvi
1975,Faraar,Main pyaasa tum saawan (duet),,"Kishore, Lata",Kalyanji Anandji,Rajendra Krishan
1975,Faraar,Main pyaasa tum saawan (M),,Kishore,Kalyanji Anandji,Rajendra Krishan
1975,Julie,Bhool gaya sab kuchh,,"Kishore, Lata",Rajesh Roshan,Anand Bakshi
1975,Julie,Dil kya kare jab kisise,,Kishore,Rajesh Roshan,Anand Bakshi
1975,Kaala Sona,Tak jhoom naacho nashe main choor,,"Kishore, Asha",R D Burman,Majrooh Sultanpuri
1975,Khel Khel Mein,Aaye lo pyaar ke din aaye,,"Kishore, Asha",R D Burman,Gulshan Bawra
1975,Khel Khel Mein,Ek main aur ek tu,,"Kishore, Asha",R D Burman,Gulshan Bawra
1975,Khel Khel Mein,Khullam khulla pyaar karenge,,"Kishore, Asha",R D Burman,Gulshan Bawra
1975,Khushboo,O maanjhi re apna kinaara,Picture,Kishore,R D Burman,Gulzar
1975,Mili,Aaye tum yaad mujhe,,Kishore,S D Burman,Yogesh
1975,Mili,Badi sooni sooni hai,,Kishore,S D Burman,Yogesh
1975,Ponga Pandit,Ganga ghaat ka paani piya hai,,Kishore,Laxmikant Pyarelal,Rajendra Krishan
1975,Prem Kahani,Chal dariya mein doob jaayen,,"Kishore, Lata",Laxmikant Pyarelal,Anand Bakshi
1975,Prem Kahani,Prem kahaani mein ek ladka hota hai,,"Kishore, Lata",Laxmikant Pyarelal,Anand Bakshi
1975,Sholay,Holi ke din dil khil jaate hain,,"Kishore, Lata",R D Burman,Anand Bakshi
1975,Sholay,Koi haseena jab roothh jaati hai,,Kishore,R D Burman,Anand Bakshi
1975,Sholay,Yeh dosti hum nahin todenge,,"Kishore, Manna Dey",R D Burman,Anand Bakshi
1975,Uljhan,Aaj pyaare pyaare se lagte hain aap,,"Kishore, Sulakshana Pandit",Kalyanji Anandji,M G Hashmat
1975,Uljhan,Apne jeevan ki uljhan (M),,Kishore,Kalyanji Anandji,M G Hashmat
1975,Warrant,Ladi najariya ladi,,"Kishore, Lata",R D Burman,Anand Bakshi
1975,Warrant,Ruk ja na o jaana,,Kishore,R D Burman,Anand Bakshi
1975,Warrant,Suno bhai baaraati,,Kishore,R D Burman,Anand Bakshi
1975,Zakhmee,Jalta hai jiya mera bheegi bheegi,,"Kishore, Asha",Bappi Lahiri,Gauhar Kanpuri
1975,Zameer,Tum bhi chalo hum bhi chalen (duet),,"Kishore, Asha",Sapan Chakravarty,Sahir Ludhianvi
1975,Zameer,Tum bhi chalo hum bhi chalen (solo),,Kishore,Sapan Chakravarty,Sahir Ludhianvi
1975,Zameer,Zindagi hasne gaane ke liye hai,,Kishore,Sapan Chakravarty,Sahir Ludhianvi
1976,Barood,Matlab jo samjhe,,Kishore,S D Burman,Anand Bakshi
1976,Chalte Chalte,Chalte chalte mere yeh geet,,Kishore,Bappi Lahiri,Amit Khanna
1976,Charas,Kal ki haseen mulaqat ke liye,,"Kishore, Lata",Laxmikant Pyarelal,Anand Bakshi
1976,Fakira,Tota maina ki kahani,,"Kishore, Lata",Ravindra Jain,Ravindra Jain
1976,Jaaneman,Jaaneman kisi ka naam nahin,,Kishore,Laxmikant Pyarelal,Anand Bakshi
1976,Kabhi Kabhie,Pyaar kar liya to kya,,Kishore,Khayyam,Sahir Ludhianvi
1976,Kabhi Kabhie,Tera phoolon jaisa rang,,"Kishore, Lata",Khayyam,Sahir Ludhianvi
1976,Kabhi Kabhie,Tere chehre se nazar nahin,,"Kishore, Lata",Khayyam,Sahir Ludhianvi
1976,Kalicharan,Yeh pal chanchal kho na dena,,"Kishore, Asha",Kalyanji Anandji,Ravindra Jain
1976,Khalifa,Dil machal raha hai,,"Kishore, Asha",R D Burman,Gulshan Bawra
1976,Mehbooba,Mere naina saawan bhaado (M),Picture,Kishore,R D Burman,Anand Bakshi
1976,Mehbooba,Parbat ke peechhe chambela gaaon,,"Kishore, Lata",R D Burman,Anand Bakshi
1976,Nehle Pe Dehla,Logon ki zubaan par apna naam,,"Kishore, Lata, Manna Dey",R D Burman,Anand Bakshi
1976,Nehle Pe Dehla,Saawan ka maheena aa gaya,,"Kishore, Lata",R D Burman,Anand Bakshi
1976,Sabse Bada Rupaiya,Dariya kinaare ek banglo,,"Kishore, Lata",Basu Manohari,Majrooh Sultanpuri
1976,Tapasya,Do panchhi do tinke,,"Kishore, Aarti Mukherjee",Ravindra Jain,M G Hashmat
1976,Tapasya,Jo raah chuni toone,,Kishore,Ravindra Jain,M G Hashmat
1977,Abhi To Jee Lein,Tu laali hai savere waali,,"Kishore, Asha",Sapan Jagmohan,Indeevar
1977,Amar Akbar Anthony,Anhonee ko honee kar dein,,"Kishore, Mahendra Kapoor, Shailendra Singh",Laxmikant Pyarelal,Anand Bakshi
1977,Amar Akbar Anthony,Humko tumse ho gaya hai pyaar,,"Kishore, Rafi, Mukesh, Lata",Laxmikant Pyarelal,Anand Bakshi
1977,Anand Ashram,Saara pyaar tumhaara,,"Kishore, Asha",Shyamlal Mitra,Indeevar
1977,Anurodh,Aap ke anurodh pe,,Kishore,Laxmikant Pyarelal,Anand Bakshi
1977,Anurodh,Aate jaate khoobsoorat,,Kishore,Laxmikant Pyarelal,Anand Bakshi
1977,Anurodh,Jab dard nahin tha seene mein,,Kishore,Laxmikant Pyarelal,Anand Bakshi
1977,Anurodh,Mere dil ne tadap ke jab naam,,Kishore,Laxmikant Pyarelal,Anand Bakshi
1977,Chhailla Babu,Yaar dildaar tujhe kaisa chaahiye,,"Kishore, Asha",Laxmikant Pyarelal,Anand Bakshi
1977,Darling Darling,Aise na mujhe tum dekho,,Kishore,R D Burman,Anand Bakshi
1977,Dharam Veer,Hum banjaaron ki baat,,"Kishore, Lata",Laxmikant Pyarelal,Anand Bakshi
1977,Doosra Aadmi,Aankhon mein kaajal hai,,"Kishore, Lata",Rajesh Roshan,Majrooh Sultanpuri
1977,Doosra Aadmi,Aao manayen jashn-e-mohabbat,,"Kishore, Lata",Rajesh Roshan,Majrooh Sultanpuri
1977,Doosra Aadmi,Jaan meri rooth gayi,,"Kishore, Pamela Chopra",Rajesh Roshan,Majrooh Sultanpuri
1977,Doosra Aadmi,Kya mausam hai,,"Kishore, Lata",Rajesh Roshan,Majrooh Sultanpuri
1977,Doosra Aadmi,Nazron se kehdo,,"Kishore, Lata",Rajesh Roshan,Majrooh Sultanpuri
1977,Dream Girl,Kisi shayar ki gazal,,Kishore,Laxmikant Pyarelal,Anand Bakshi
1977,Hum Kisise Kam Nahin,Aa dil kya mehfil hai tere,,Kishore,R D Burman,Majrooh Sultanpuri
1977,Hum Kisise Kam Nahin,Bachna ai haseeno,,Kishore (& Asha),R D Burman,Majrooh Sultanpuri
1977,Hum Kisise Kam Nahin,Humko to yaara teri yaari,,"Kishore, Asha",R D Burman,Majrooh Sultanpuri
1977,Hum Kisise Kam Nahin,Mil gaya hum ko saathi mil gaya,,"Kishore, Asha",R D Burman,Majrooh Sultanpuri
1977,Inkaar,Chhodo yeh nigaahon ka ishaara,,"Kishore, Asha",Rajesh Roshan,Majrooh Sultanpuri
1977,Kinara,Jaane kya soch kar nahin guzra,,Kishore,R D Burman,Gulzar
1977,Parvarish,Aayiye shauk se kahiye,,"Kishore, Asha",Laxmikant Pyarelal,Majrooh Sultanpuri
1977,Parvarish,Hum premee prem karna jaane,,"Kishore, Rafi, Shailendra Singh",Laxmikant Pyarelal,Majrooh Sultanpuri
1977,Phir Janam Lenge Hum,Phir janam lenge hum,,"Kishore, Lata",Bappi Lahiri,Gauhar Kanpuri
1977,Priyatama,Koi roko na deewaane ko,,Kishore,Rajesh Roshan,Anjaan
1977,Swami,Yaadon mein woh sapnon mein hai,,Kishore,Rajesh Roshan,Amit Khanna
1978,Azaad,Jaan ki kasam sach kehte hain hum,,"Kishore, Lata",R D Burman,Anand Bakshi
1978,Badalte Rishtey,Na jaane kaise pal mein,,"Kishore, Lata, Rafi",Laxmikant Pyarelal,Anjaan
1978,Bhola Bhala,Kal tak main akela tha,,Kishore,R D Burman,Anand Bakshi
1978,Chandi Sona,Aap sa koi nahin,,"Kishore, Asha",R D Burman,Majrooh Sultanpuri
1978,College Girl,Pyaar maanga hai tumhi se,,Kishore,Bappi Lahiri,Indeevar
1978,Des Pardes,Jaisa des waisa bhes,,"Kishore, Lata",Rajesh Roshan,Amit Khanna
1978,Des Pardes,Nazraana bheja kisi ne pyaar ka,,Kishore,Rajesh Roshan,Amit Khanna
1978,Des Pardes,Tu pee aur jee,,Kishore,Rajesh Roshan,Amit Khanna
1978,Des Pardes,Yeh des pardes,,Kishore,Rajesh Roshan,Amit Khanna
1978,Devata,Chaand churaake laaya hoon,,"Kishore, Lata",R D Burman,Gulzar
1978,Devata,Gulmohar gar tumhaara naam hota,,"Kishore, Lata",R D Burman,Gulzar
1978,Dil Se Mile Dil,Yeh naina yeh kaajal,,Kishore,Bappi Lahiri,Amit Khanna
1978,Don,Are deewaanon mujhe pehchaano,,Kishore,Kalyanji Anandji,Anjaan
1978,Don,Ee hai bambai nagariya,,Kishore,Kalyanji Anandji,Indeevar
1978,Don,Jiska mujhe tha intezaar,Picture,"Kishore, Lata",Kalyanji Anandji,Anjaan
1978,Don,Khaike paan banaaras waala,Picture,Kishore,Kalyanji Anandji,Anjaan
1978,Ghar,Aap ki aankhon mein kuchh,,"Kishore, Lata",R D Burman,Gulzar
1978,Ghar,Phir wahi raat hai,,Kishore,R D Burman,Gulzar
1978,Kasme Vaade,Aati rahengi bahaaren,,"Kishore, Asha, Amit Kumar",R D Burman,Gulshan Bawra
1978,Kasme Vaade,Kasme vaade nibhaayenge hum (Part 1),,"Kishore, Lata",R D Burman,Gulshan Bawra
1978,Kasme Vaade,Kasme vaade nibhaayenge hum (Part 2),,"Kishore, Lata",R D Burman,Gulshan Bawra
1978,Kasme Vaade,Mile jo kadi kadi ek zanjeer bane,,"Kishore, Asha, Rafi",R D Burman,Gulshan Bawra
1978,Khatta Meetha,Thoda hai thode ki zaroorat hai,,"Kishore, Lata",Rajesh Roshan,Gulzar
1978,Muqaddar Ka Sikander,O saathi re tere bina bhi kya jeena (M),,Kishore,Kalyanji Anandji,Prakash Mehra
1978,Muqaddar Ka Sikander,Rote huwe aate hain sab,,Kishore,Kalyanji Anandji,Prakash Mehra
1978,Muqaddar Ka Sikander,Salaam-e-ishq meri jaan,,"Kishore, Lata",Kalyanji Anandji,Prakash Mehra
1978,Shalimar,Hum bewafa hargiz na the,,Kishore,R D Burman,Anand Bakshi
1978,Swarg Narak,Nahin nahin koi tumsa haseen,,"Kishore, Asha",Rajesh Roshan,Anand Bakshi
1978,Trishul,Mohabbat bade kaam ki,,"Kishore, Lata, Yesudas",Khayyam,Sahir Ludhianvi
1978,Trishul,O kabhi kasme na tode,,"Kishore, Lata",Khayyam,Sahir Ludhianvi
1979,Baton Baton Mein,Suniye kahiye kahiye suniye,,"Kishore, Asha",Rajesh Roshan,Amit Khanna
1979,Dhongee,Haaye re haaye tera ghunghta,,"Kishore, Asha",R D Burman,Anand Bakshi
1979,Gautam Govinda,Ek ritu aaye ek ritu jaaye,,Kishore,Laxmikant Pyarelal,Anand Bakshi
1979,Gol Maal,Aane waala pal jaane waala hai,,Kishore,R D Burman,Gulzar
1979,Gol Maal,Ik din sapne mein dekha sapna,,"Kishore, Amit Kumar",R D Burman,Gulzar
1979,Jaani Dushman,O meri jaan bol meri jaan,,"Kishore, Anuradha Paudwal",Laxmikant Pyarelal,Verma Malik
1979,Jhoota Kahin Ka,Jeevan ke har mod pe,,"Kishore, Asha",R D Burman,Gulshan Bawra
1979,Kaala Patthar,Ek raasta hai zindagi,,Kishore,Rajesh Roshan,Sahir Ludhianvi
1979,Lahu Ke Do Rang,Muskuraata hua gul khilaata hua,,Kishore,Bappi Lahiri,Farooq Kaiser
1979,Manzil,Rimjhim gire saawan (M),,Kishore,R D Burman,Yogesh
1979,Mr. Natwarlal,Pardesia pardesiya,,"Kishore, Lata",Rajesh Roshan,Anand Bakshi
1979,Nauker,Pallo latke,,"Kishore, Asha",R D Burman,Majrooh Sultanpuri
1979,Prem Bandhan,Main tere pyaar mein paagal,,"Kishore, Lata",Laxmikant Pyarelal,Anand Bakshi
1979,The Great Gambler,Pehle pehle pyaar ki mulaaqaaten,,"Kishore, Asha",R D Burman,Anand Bakshi
1980,Abdullah,Ae khuda har faisla tera,,Kishore,R D Burman,Anand Bakshi
1980,Dhan Daulat,Ho jaaye phir us din ka jo,,"Kishore, Asha",R D Burman,Majrooh Sultanpuri
1980,Dhan Daulat,Jeena kya aji pyaar bina,,"Kishore, Asha",R D Burman,Majrooh Sultanpuri
1980,Dhan Daulat,Woh jinki nayi hai duniya,,"Kishore, Asha",R D Burman,Majrooh Sultanpuri
1980,Dostana,Bane chaahe dushman zamaana,,"Rafi, Kishore",Laxmikant Pyarelal,Anand Bakshi
1980,Judaai,Maar gayi mujhe teri judaai,,"Kishore, Asha",Laxmikant Pyarelal,Anand Bakshi
1980,Karz,Main solah baras ki,,"Kishore, Lata",Laxmikant Pyarelal,Anand Bakshi
1980,Karz,Om shaanti om,Picture,Kishore,Laxmikant Pyarelal,Anand Bakshi
1980,Man Pasand,Main akela apni dhun mein magan,,Kishore,Rajesh Roshan,Amit Khanna
1980,Man Pasand,Man maani se hargiz na daro,,Kishore,Rajesh Roshan,Amit Khanna
1980,Man Pasand,Sa re ga ma pa,,"Kishore, Lata",Rajesh Roshan,Amit Khanna
1980,Patita,Dil dhak dhak karne laga,,Kishore,Bappi Lahiri,Anand Bakshi
1980,Phir Wahi Raat,Sang mere nikle the saajan,,"Kishore, Lata",R D Burman,Majrooh Sultanpuri
1980,Qurbani,Tujhpe qurbaan meri jaan,,"Kishore, Anwar",Kalyanji Anandji,Indeevar
1980,Red Rose,Kiski sadaayen mujhko bulaayen,,"Kishore, Asha",R D Burman,Nida Fazli
1980,Red Rose,Tere bin jeena kya tere bin marna kya,,"Kishore, Asha",R D Burman,Vithalbhai Patel
1980,Thodisi Bewafai,Aankhon mein hamne aap ke,,"Kishore, Lata",Khayyam,Gulzar
1980,Thodisi Bewafai,Hazaar raahen mudke dekheen,,"Kishore, Lata",Khayyam,Gulzar
1981,Aas Paas,Tum jo chale gaye to,,"Kishore, Lata",Laxmikant Pyarelal,Anand Bakshi
1981,Barsaat Ki Ek Raat,Apne pyaar ke sapne,,"Kishore, Lata",R D Burman,Anand Bakshi
1981,Dard,Pyaar ka dard hai,,"Kishore, Asha",Khayyam,Naqsh Lyalpuri
1981,Harjaee,Jeevan mein jab aise pal aayenge,,"Kishore, Asha",R D Burman,Gulshan Bawra
1981,Harjaee,Tujhsa haseen dekha na kaheen,,Kishore,R D Burman,Vithalbhai Patel
1981,Harjaee,Yeh rut hai haseen,,Kishore,R D Burman,Gulshan Bawra
1981,Kaalia,Jahaan teri yeh nazar hai,,Kishore,R D Burman,Majrooh Sultanpuri
1981,Kudrat,Chhodo sanam kaahe ka gham,,"Kishore, Annette",R D Burman,Majrooh Sultanpuri
1981,Kudrat,Hame tumse pyaar kitna (M),,Kishore,R D Burman,Majrooh Sultanpuri
1981,Laawaris,Apni to jaise taise,,Kishore,Kalyanji Anandji,Prakash Mehra
1981,Laawaris,Kaahe paise pe itna guroor kare hai,,Kishore,Kalyanji Anandji,Anjaan
1981,Laawaris,Kab ke bichhde huwe hum,,"Kishore, Asha",Kalyanji Anandji,Prakash Mehra
1981,Rocky,Hum tumse mile phir juda ho gaye,,"Kishore, Lata",R D Burman,Anand Bakshi
1981,Rocky,Kya yehi pyaar hai,Picture,"Kishore, Lata",R D Burman,Anand Bakshi
1981,Silsila,Dekha ek khwab to yeh silsile huwe,Picture,"Kishore, Lata",Shiv Hari,Javed Akhtar
1981,Silsila,Pehli pehli baar dekha aisa jalwa,,"Kishore, Lata",Shiv Hari,Rajendra Krishan
1981,Silsila,Sar se sarke sarke chunariya,,"Lata, Kishore",Shiv Hari,Hasan Kamaal
1981,Yaarana,Chhoo kar mere man ko,,Kishore,Rajesh Roshan,Anjaan
1982,Bemisal,Kitni khoobsoorat yeh tasveer hai,,"Kishore, Lata, Suresh Wadkar",R D Burman,Anand Bakshi
1982,Deedar-E-Yaar,Sarakti jaaye hai rukh se naqaab,,"Kishore, Lata",Laxmikant Pyarelal,Amir Meenai
1982,Kaamchor,Tujh sang preet lagaayi sajna,,"Kishore, Lata",Rajesh Roshan,Indeevar
1982,Kaamchor,Tum se badhkar duniya mein,,"Kishore, Alka Yagnik",Rajesh Roshan,Indeevar
1982,Khud-Daar,Oonche neeche raaste,,"Kishore, Lata",Rajesh Roshan,Majrooh Sultanpuri
1982,Namak Halal,Aaj rapat jaayen to hame na uthhaiyo,,"Kishore, Asha",Bappi Lahiri,Anjaan
1982,Namak Halal,Ke pag ghunghroo,,Kishore,Bappi Lahiri,Prakash Mehra
1982,Sanam Teri Kasam,Kitne bhi tu kar le sitam (M),,Kishore,R D Burman,Gulshan Bawra
1982,Satte Pe Satta,Dilbar mere kab tak mujhe,,"Kishore, Asha",R D Burman,Gulshan Bawra
1982,Satte Pe Satta,Dukki pe dukki ho ya satte pe satta,,"Kishore, Asha, Bhupinder, R D Burman, Shailendra Singh",R D Burman,Gulshan Bawra
1982,Satte Pe Satta,Pyaar hame kis mod pe le aaya,,"Kishore, Bhupinder, Sapan Chakravarty",R D Burman,Gulshan Bawra
1982,Satte Pe Satta,Zindagi milke bitaayenge,,"Kishore, Bhupinder, R D Burman, Sapan Chakravarty",R D Burman,Gulshan Bawra
1982,Shakti,Jaane kaise kab kahaan ikraar ho gaya,,"Kishore, Lata",R D Burman,Anand Bakshi
1982,Yeh Vaada Raha,Aisa kabhi hua nahin,,Kishore,R D Burman,Gulshan Bawra
1982,Yeh Vaada Raha,Tu tu hai wohi (Yeh vaada raha),Picture,"Kishore, Asha",R D Burman,Gulshan Bawra
1983,Agar Tum Na Hote,Hame aur jeene ki (M),,Kishore,R D Burman,Gulshan Bawra
1983,Agar Tum Na Hote,Hame aur jeene ki chaahat na hoti (duet),,"Kishore, Lata",R D Burman,Gulshan Bawra
1983,Avtaar,Din maheene saal guzarte jaayenge,,"Kishore, Lata",Laxmikant Pyarelal,Anand Bakshi
1983,Bade Dil Wala,Jeevan ke din chhote sahi,,Kishore,R D Burman,Majrooh Sultanpuri
1983,Himmatwala,Nainon mein sapna,,"Kishore, Lata",Bappi Lahiri,Indeevar
1983,Kalaakaar,Neele neele ambar par (M),,Kishore,Kalyanji Anandji,Indeevar
1983,Mahaan,Jidhar dekhonn teri tasveer,,Kishore,R D Burman,Anjaan
1983,Mahaan,Pyaar mein dil pe maar de goli,,"Kishore, Asha",R D Burman,Anjaan
1983,Nishaan,Lehron ki tarah yaadein,,Kishore,Rajesh Roshan,Gulshan Bawra
1983,Pukar,Bachke rehna re baaba,,"Kishore, Asha, R D Burman",R D Burman,Gulshan Bawra
1983,Souten,Shaayad meri shaadi ka khayaal,,"Kishore, Lata",Usha Khanna,Saawan Kumar
1984,Jag Utha Insan,Teri zindagi ki raagini par,,"Kishore, Asha",Rajesh Roshan,Indeevar
1984,Mashaal,Zindagi aa raha hoon,,Kishore,Hridaynath Mangeshkar,Javed Akhtar
1984,Sharabi,De de pyaar de,,Kishore,Bappi Lahiri,Anjaan/Prakash Mehra
1984,Sharabi,Inteha ho gayi intezaar ki,,"Kishore, Asha",Bappi Lahiri,Anjaan/Prakash Mehra
1984,Sharabi,Jahaan chaar yaar mil jayen,,"Kishore, Amitabh",Bappi Lahiri,Anjaan/Prakash Mehra
1984,Sharabi,Manzilen apni jagah hain,,Kishore,Bappi Lahiri,Anjaan/Prakash Mehra
1984,Sharabi,Mujhe naulakha manga de + Log kehte hain,,"Kishore, Asha",Bappi Lahiri,Anjaan/Prakash Mehra
1985,Bond 303,Ab jo hoga so hone do,,"Kishore, Asha",R D Burman,Gulshan Bawra
1985,Hoshiyar,Tere jaisi koi shrimati chaahiye,,"Kishore, Asha",Bappi Lahiri,Indeevar
1985,Lava,Hum tum dono mil ke dil ke,,"Kishore, Lata",R D Burman,Anand Bakshi
1985,Rahi Badal Gaye,Ek baat dil mein aayi hai,,"Kishore, Lata",R D Burman,Gulshan Bawra
1985,Saagar,Chehra hai ya chaand khila hai,Picture,Kishore,R D Burman,Javed Akhtar
1985,Saagar,Saagar kinaare dil yeh pukaare,,"Kishore, Lata",R D Burman,Javed Akhtar
1985,Sitamgar,Mausam pyaar ka rang badalta rahe,,"Kishore, Asha",R D Burman,Majrooh Sultanpuri
1986,Janbaaz,Tera saath hai kitna,,"Kishore, Sapna Mukherjee",Kalyanji Anandji,Indeevar
1987,Mr. India,Kaate nahin kat-te yeh din yeh raat,,"Kishore, Alisha Chinai",Laxmikant Pyarelal,Javed Akhtar
1987,Mr. India,Karte hain hum pyaar Mister India se,,"Kishore, Kavita Krishnamurty",Laxmikant Pyarelal,Javed Akhtar
1987,Mr. India,Zindagi ki yahi reet hai,,Kishore,Laxmikant Pyarelal,Javed Akhtar
